topic,question,answer
Rarecation,"How do I book a trip with Rarecation?","<ol><li>Visit <strong>rarecation.com</strong></li><li>Browse our <strong>Catalog</strong> and select your preferred adventure trip</li><li>Click the <strong>""WhatsApp Us""</strong> button at the bottom of the page</li><li>Choose one of our travel consultants to assist with your registration</li><li>Our consultant will explain the trip concept and itinerary in detail</li><li>Once you're satisfied, we'll issue an invoice for your booking</li><li>Make payment directly to: <strong>RARECATION TRAVEL SDN BHD (Maybank 5622 6352 9023)</strong></li><li>Send us the payment receipt to confirm your registration</li></ol><p><em>Note: Travellers from Singapore and Brunei are welcome! Just inform our consultant if you'll be joining from Singapore or Brunei.</em></p>"
Rarecation,"Why is the trip duration listed as ""10 Days 7 Nights""?","<p>The total duration includes <strong>2 travel days</strong> (flight time to and from the destination), regardless of overnight stays. So a ""10 Days 7 Nights"" trip means you'll spend 7 full nights at the destination, with 2 additional days allocated for international flights.</p>"
Rarecation,"Can I extend my trip (arrive early or depart late)?","<p>Yes, early arrival or late departure extensions are allowed. However:</p><ul><li><strong>Rarecation is not responsible</strong> for any risks faced during your extended stay</li><li><strong>All additional costs</strong> (accommodation, transport, meals) are borne by you</li><li>We can also help arrange early/late transfers for an <strong>additional fee</strong></li></ul><p>Please contact our consultant to discuss extension options.</p>"
Rarecation,"What's included in the package?","<p>Our packages typically include:</p><ul><li><strong>✈️ Return flights</strong> from KLIA / Changi Airport to destination</li><li><strong>🏨 Accommodation</strong> throughout the trip duration</li><li><strong>🚐 Transportation</strong> as per planned itinerary (including tolls, fuel, parking fees if travelling by car/motorhome)</li><li><strong>🛡️ Travel insurance</strong> (for full-package participants departing from Malaysia)</li><li><strong>👕 Limited edition merchandise</strong> (Hoodies/Windbreaker from Rarecation)</li><li><strong>📋 Pre-trip briefing session</strong> (please confirm timing with our consultant)</li><li><strong>🍽️ Meals:</strong> Half Board / Full Board depending on destination (check specific trip details)</li></ul>"
Rarecation,"What's NOT included in the package?","<p>The following are <strong>excluded</strong> from our package price:</p><ul><li><strong>📋 Visa fees</strong> (where applicable)</li><li><strong>🍽️ Some meals</strong> (typically self-cooked meals, average budget around RM350 depending on trip)</li><li><strong>🚢 Unplanned transportation</strong> dependent on weather (ferries, boats, bicycles, cable cars, trains, etc.)</li><li><strong>🎯 Optional paid activities</strong> dependent on weather (boat rentals, hot spring visits, cycling tours, etc.)</li><li><strong>🎫 Paid attractions/entrance fees</strong> not in base itinerary</li></ul>"
Rarecation,"What about visa requirements?","<p>Visa requirements vary by destination and nationality:</p><ul><li>Some trips require visas, others are visa-free for Malaysian/Singaporean passport holders</li><li><strong>Visa fees are NOT included</strong> in the package price (costs vary by participant nationality)</li><li><strong>We can assist with visa processing</strong> according to our scheduled timeline</li><li>Please check with our consultant about specific visa requirements for your destination</li></ul><p><em>Tip: Malaysian and Singaporean passports often enjoy visa-free entry to many countries. Always verify current requirements before booking.</em></p>"
Rarecation,"How does meal arrangement work?","<p>Nearly all our packages follow a <strong>Half Board</strong> meal plan:</p><ul><li><strong>Breakfast</strong> ✅ Included</li><li><strong>Dinner</strong> ✅ Included</li><li><strong>Lunch</strong> ❌ Not included (unless stated as Full Board)</li></ul><p>Please check each individual trip listing for precise meal plan details, as some destinations may offer Full Board.</p>"
Rarecation,"How much should I budget for meals?","<p>We recommend budgeting approximately <strong>RM300 - RM350 per person</strong> for the entire trip for meals not included in the package.</p><p>This estimate covers:</p><ul><li>Lunches (if on Half Board plan)</li><li>Snacks and drinks between meals</li><li>Occasional self-cooked group meals (campcook style)</li></ul><p><em>Note: Actual spending may vary depending on destination and personal preferences. Budget-conscious travellers can manage with less, while food enthusiasts may spend more.</em></p>"
Rarecation,"How much should I budget for personal expenses?","<p>For personal spending money (souvenirs, shopping, optional activities), we recommend preparing around <strong>RM500 or more</strong>.</p><p>This covers:</p><ul><li>🛍️ Souvenirs and local products</li><li>☕ Coffee, snacks, personal items</li><li>🎁 Gifts for family/friends</li><li>🛒 Personal shopping</li></ul><p><em>Budget varies significantly by destination - European trips and Japan typically require more than Southeast Asian destinations. Adjust according to your shopping habits!</em></p>"
Rarecation,"Is there special pricing for senior citizens?","<p>We apologize, but <strong>there is currently no special senior citizen discount</strong>. All adult participants (12 years and above) pay the standard package rate.</p><p>However, seniors are most welcome to join our adventures! Please inform our consultant if you have any mobility concerns or special requirements so we can advise on trip suitability.</p>"
Rarecation,"What package is suitable for my 2-year-old child?","<p>For children aged <strong>2 years and above</strong>, pricing follows our <strong>Child Package (ages 2-11 years)</strong>.</p><p>Important notes:</p><ul><li>Package rate is based on <strong>child's age on the trip departure date</strong></li><li>Children under 2 years may be eligible for infant pricing (please check specific trip)</li><li>Child packages may have different inclusions (e.g., no separate bed)</li></ul><p>Contact our consultant for exact pricing and arrangements for young travellers.</p>"
Rarecation,"Can I book a Ground-only package (without flights)?","<p><strong>Yes, absolutely!</strong> We offer ground-only packages for travellers who prefer to arrange their own flights.</p><p>Important considerations for ground-only bookings:</p><ul><li><strong>❌ Travel insurance is NOT included</strong> (we strongly recommend arranging your own)</li><li>Our consultant can provide <strong>travel advice on flight timings</strong> to coordinate with group pickup</li><li>You'll need to make your own way to the meeting point at the destination</li></ul><p>Please discuss with our consultant to ensure smooth coordination with the main group.</p>"
Rarecation,"I'm not from Kuala Lumpur. What about transport costs to KLIA?","<p>Unfortunately, <strong>transportation from your location to KLIA/KLIA2 (or Changi Airport) is NOT included</strong> in our package price.</p><p>You'll need to arrange:</p><ul><li>Transport to/from your home → KLIA or Changi Airport</li><li>Parking fees (if driving yourself to airport)</li><li>Accommodation near airport (if required for early/late flights)</li></ul><p><em>Tips for cost-saving:</em></p><ul><li>Bus services (AeroBus, StarMart) from various Malaysian cities to KLIA</li><li>Carpool with fellow participants (we can help connect you)</li><li>Book flights from Singapore (Changi) if more convenient/cost-effective</li></ul>"
Rarecation,"I'm from Singapore/Brunei. Can I join your trips?","<p><strong>Absolutely yes! 🇸🇬🇧🇳</strong> We welcome travellers from Singapore and Brunei!</p><p>When enquiring, please inform our consultant that you'll be joining from:</p><ul><li><strong>Singapore:</strong> Flights can depart from Changi Airport (coordinate with us)</li><li><strong>Brunei:</strong> You may need to fly via KL or Singapore to meet the group</li></ul><p>We have many Singaporean and Bruneian repeat travellers in our community!</p>"
Rarecation,"I already have travel insurance. Can I get a discount?","<p><strong>No, we cannot provide a discount</strong> if you opt out of our travel insurance.</p><p>Here's how it works:</p><ul><li>Insurance is <strong>included in the package price</strong> for all full-package bookings</li><li><strong>Exception:</strong> Ground-only packages do NOT include insurance</li><li>You may choose to use our provided insurance or arrange your own (but no discount applies)</li></ul><p>We strongly recommend maintaining valid travel insurance for all international trips.</p>"
Rarecation,"Can I room with my spouse/partner throughout the trip?","<p>We understand couples want to stay together! Here's our rooming policy:</p><ul><li><strong>✅ We prioritize couples and families</strong> for room sharing requests</li><li>Room allocation depends on <strong>availability at accommodation venues</strong></li><li><strong>Please inform our consultant early</strong> if you require same-room arrangement</li><li>We'll do our best to accommodate, but cannot guarantee in all cases (especially for triple/quad sharing situations)</li></ul><p>For certainty, please confirm rooming preferences during booking.</p>"
Rarecation,"How much deposit is required to book?","<p>A deposit of <strong>50% of the total package price</strong> is required to secure your booking.</p><div class=""alert alert-warning""><strong>⚠️ Important Policy:</strong> Deposits are <strong>non-refundable</strong> if cancellation is initiated by the participant.</div><p>The remaining balance will be due 60 days before departure (see payment terms below).</p>"
Rarecation,"Can I pay in installments?","<p><strong>Yes!</strong> We offer flexible payment options:</p><h4>Option 1: Full Payment 💯</h4><p>Pay 100% upfront - <strong>Recommended</strong> to lock in flight prices early!</p><h4>Option 2: Installment Plan 📅</h4><ul><li><strong>Step 1:</strong> Pay 50% deposit upon booking</li><li><strong>Step 2:</strong> Settle remaining <strong>50% balance 60 days before departure date</strong></li></ul><p><em>Why pay early? Flight prices tend to increase closer to departure dates. Early payment helps us secure better fares for you!</em></p>"
Rarecation,"What if I need to cancel due to emergency? Can I get my deposit back?","<p>We understand emergencies happen, but our cancellation policy is as follows:</p><div class=""alert alert-danger""><strong>Cancellation Policy:</strong><br>If you cancel your participation, <strong>the deposit is non-refundable</strong>.</div><p>This policy exists because we commit payments to airlines, accommodations, and service providers upon your booking confirmation.</p><p><strong>In case of genuine emergencies:</strong></p><ul><li>Contact us immediately - we may be able to discuss options on a case-by-case basis</li><li>Travel insurance claims may cover cancellation costs (if you purchased comprehensive coverage)</li><li>Name transfers may be possible (subject to conditions and fees)</li></ul><p><em>We strongly recommend purchasing comprehensive travel insurance that includes trip cancellation coverage.</em></p>"
Rarecation,"How do I sign up for optional/add-on activities during the trip?","<p>Many of our destinations offer exciting optional activities beyond the base package:</p><p><strong>Examples of add-on activities:</strong></p><ul><li>🪂 Skydiving</li><li>🏝️ Island hopping tours</li><li>🤿 Scuba diving / snorkeling</li><li>🚡 Cable car rides</li><li>♨️ Hot spring visits</li><li>🚴 Cycling tours</li></ul><p><strong>How it works:</strong></p><ul><li>Activities are <strong>paid separately</strong> (not included in base package)</li><li>Announced during the trip based on weather and availability</li><li><strong>Allowed condition:</strong> Must not disrupt the main group itinerary or schedule</li><li>Pay directly to activity providers or through our coordinators</li></ul><p>These activities are completely optional - no pressure to participate!</p>"
Rarecation,"Is this trip for Muslims only?","<p><strong>No, not at all! 🌍</strong></p><p>While Rarecation is a Muslim-owned company and our trips are organized with Muslim-friendly considerations:</p><ul><li><strong>Our adventures are open to ALL travellers</strong> regardless of background or faith</li><li>Many non-Muslim friends have joined and enjoyed our trips thoroughly</li><li>We respect diversity and welcome everyone who loves travel and adventure</li></ul><p><strong>Muslim-friendly features we typically provide (when requested):</strong></p><ul><li>Halal meal options or prayer-friendly schedules</li><li>Prayer room/stop information</li><li>Alcohol-free social environment</li></ul><p>Everyone is welcome in the Rarecation travel family! 🤝</p>"
Rarecation,"Can I separate from the group for my own activities?","<p><strong>Yes, but with some conditions:</strong></p><p>✅ <strong>Allowed:</strong></p><ul><li>You may opt out of certain group activities for personal exploration</li><li>You can rejoin the group later</li><li>All personal expenses during your free time are <strong>borne by you</strong></li></ul><p>❌ <strong>Not Allowed:</strong></p><ul><li>Using company-rented vehicles (vans, motorhomes) for personal activities</li><li>Actions that disrupt the main itinerary or delay the group</li><li>Missing critical scheduled activities (flights, border crossings, etc.)</li></ul><p><em>Your safety is our priority. Please inform our trip captain if you plan to go solo for any portion.</em></p>"
Rarecation,"Do I need to drive? What about driving license requirements?","<p><strong>No, you don't need to drive! 🚗</strong></p><p>Our trips include professional drivers:</p><ul><li>Each trip has designated <strong>Captains and Co-Captains</strong> who handle all driving</li><li>You can sit back, relax, and enjoy the scenery</li></ul><p><strong>About driving licenses (for those interested):</strong></p><p>Malaysian driving licenses are valid in:</p><ul><li>🇨🇭 Switzerland</li><li>🇮🇹 Italy</li><li>🇦🇹 Austria</li><li>🇩🇪 Germany</li><li>🇦🇺 Australia</li><li>🇳🇿 New Zealand</li><li>🇮🇳 India</li><li>And other Commonwealth countries</li></ul><p><em>Note: International Driving Permit (IDP) recommended for longer stays or car rentals.</em></p>"
Rarecation,"Who are the Trip Captains?","<p>Every Rarecation trip is led by experienced <strong>Trip Captains</strong>:</p><p><strong>Team Structure:</strong></p><ul><li><strong>1 Main Captain</strong> - Primary leader responsible for overall trip coordination</li><li><strong>1 Co-Captain</strong> (or more for larger groups) - Supports the Captain</li></ul><p><strong>Captain Qualifications:</strong></p><ul><li>✅ Certified and experienced in group travel management</li><li>📸 Skilled in photography (great for your travel photos!)</li><li>🗺️ Knowledgeable about destinations</li><li>🤝 Trained in customer care and emergency response</li><li>😄 Friendly and passionate about creating memorable experiences</li></ul><p>Our captains are what make Rarecation trips special - they're not just guides, they're your travel companions!</p>"
AROYA Cruises,"How do I book a cruise with AROYA?","<p>Booking your AROYA cruise holiday is simple:</p><ol><li>Visit <strong>aroya.com</strong> or contact our reservation team</li><li>Select your preferred cruise itinerary (Red Sea, Arabian Gulf, etc.)</li><li>Choose your cabin category (Interior, Ocean View, Balcony, Suite)</li><li>Select your sailing date and passenger details</li><li>Pay deposit to secure booking</li><li>Receive booking confirmation via email</li></ol><p><strong>For Malaysian & Singaporean travellers:</strong> Our cruises are perfect for short getaways from the region! Popular routes depart from Jeddah (Saudi Arabia) and other Arabian Gulf ports.</p>"
AROYA Cruises,"What's included in an AROYA cruise fare?","<p>Your AROYA cruise fare includes:</p><ul><li><strong>🛏️ Cabin accommodation</strong> for selected category</li><li><strong>🍽️ All main dining meals</strong> (breakfast, lunch, dinner at main restaurants)</li><li><strong>🎭 Onboard entertainment</strong> (shows, live music, performances)</li><li><strong>🏊 Use of pools, jacuzzis, and fitness center</strong></li><li><strong>🧒 Kids club facilities</strong> and supervised activities</li><li><strong>⚓ Port taxes and fees</strong></li><li><strong>🍨 Basic beverages</strong> (water, tea, coffee, select juices at dining venues)</li></ul><p><em>Note: Specialty restaurants, alcoholic beverages, shore excursions, WiFi, and gratuities are typically additional unless specified in your fare type.</em></p>"
AROYA Cruises,"What's NOT included in the cruise fare?","<p>The following are generally <strong>not included</strong> in your base cruise fare:</p><ul><li><strong>💰 Gratuities/service charges</strong> (auto-added daily, can be pre-paid)</li><li><strong>🍷 Alcoholic beverages</strong> and premium drinks</li><li><strong>🍽️ Specialty restaurant cover charges</strong></li><li><strong>📶 WiFi/internet packages</strong> (limited free WiFi may be available in public areas)</li><li><strong>🏖️ Shore excursions and tours</strong></li><li><strong>💆 Spa treatments and salon services</strong></li><li><strong>🛒 Personal shopping</strong> onboard boutiques</li><li><strong>📋 Visa fees</strong> (if applicable for embarkation/disembarkation ports)</li><li><strong>✈️ Flights to/from port of embarkation</strong></li><li><strong>🏨 Pre- or post-cruise hotel stays</strong></li></ul>"
AROYA Cruises,"What cabin types are available?","<p>AROYA offers a range of cabin categories to suit different budgets and preferences:</p><table class=""table""><tr><th>Cabin Type</th><th>Features</th><th>Best For</th></tr><tr><td><strong>Interior</strong></td><td>No window, most affordable</td><td>Budget-conscious travellers who spend most time exploring ship</td></tr><tr><td><strong>Ocean View</strong></td><td>Window/porthole, natural light</td><td>Those who like daylight but don't need balcony</td></tr><tr><td><strong>Balcony</strong></td><td>Private veranda, outdoor space</td><td>Couples, relaxation seekers, scenic cruisers</td></tr><tr><td><strong>Suite</strong></td><td>Extra space, premium amenities, priority boarding</td><td>Special occasions, families, luxury travellers</td></tr></table><p><strong>For MY/SG travellers:</strong> Balcony cabins are very popular for Red Sea cruises - great for morning coffee with ocean views!</p>"
AROYA Cruises,"Is the cruise halal/Muslim-friendly?","<p><strong>Yes! AROYA Cruises is designed with Muslim travellers in mind:</strong></p><ul><li><strong>🍽️ Halal-certified dining:</strong> All meat served is 100% halal</li><li><strong>🕌 Prayer facilities:</strong> Designated prayer rooms on board</li><li><strong>📅 Prayer times:</strong> Announced and accommodated in itinerary</li><li><strong>🚫 No alcohol served publicly:</strong> Family-friendly environment</li><li><strong>👗 Modest entertainment:</strong> Respectful shows and activities suitable for all ages</li><li><strong>🍷 Alcohol-free options:</strong> Non-alcoholic beverages widely available</li></ul><p>This makes AROYA particularly popular among Malaysian, Indonesian, and Middle Eastern travellers seeking a cruise experience aligned with their values.</p>"
AROYA Cruises,"What dining options are available onboard?","<p>AROYA offers diverse dining experiences:</p><h4>Main Dining (Included):</h4><ul><li><strong>Main Restaurant:</strong> Multi-cuisine buffet and à la carte (international, Arabic, Asian fusion)</li><li><strong>Casual Venues:</strong> Poolside grill, café, food court</li></ul><h4>Specialty Restaurants (Additional Cost):</h4><ul><li><strong>Arabic/Middle Eastern cuisine</strong></li><li><strong>Asian fusion</strong> (often includes Malaysian/Singaporean-inspired dishes)</li><li><strong>Italian restaurant</strong></li><li><strong>Steakhouse or seafood grill</strong></li></ul><p><strong>For Muslim travellers:</strong> All restaurants serve halal food. Menus clearly indicate ingredients. Staff trained on dietary requirements.</p><p><em>Tip: Reserve specialty restaurants early in the cruise - popular spots fill up fast!</em></p>"
AROYA Cruises,"What shore excursions are available?","<p>Each port of call offers exciting shore excursions:</p><p><strong>Popular AROYA Cruise Routes & Excursions:</strong></p><h4>Red Sea Cruises (from Jeddah):</h4><ul><li>🏛️ Historical Jeddah (Al-Balad UNESCO site)</li><li>🤿 Snorkeling/diving at pristine coral reefs</li><li>🏜️ Desert safaris and Bedouin experiences</li><li>🕌 Religious tourism (Makkah/Madinah extensions available)</li></ul><h4>Arabian Gulf Cruises:</h4><ul><li>🏙️ City tours (Dubai, Abu Dhabi, Doha, Manama)</li><li>🏛️ Cultural heritage sites</li><li>🛍️ Shopping excursions to traditional souks and modern malls</li><li>🏖️ Beach and island visits</li></ul><p><strong>Booking:</strong> Excursions can be pre-booked online or via the AROYA app. Some available for onboard booking (subject to availability).</p><p><em>Advice: Book popular excursions early - they sell out quickly!</em></p>"
AROYA Cruises,"What's the cancellation and refund policy?","<p>AROYA's cancellation policy (typical terms):</p><table class=""table""><tr><th>Cancellation Timing</th><th>Refund Amount</th></tr><tr><td><strong>60+ days before sailing</strong></td><td>Full refund (minus admin fee)</td></tr><tr><td><strong>30-59 days before sailing</strong></td><td>50% refund of total fare</td></tr><tr><td><strong>15-29 days before sailing</strong></td><td>25% refund of total fare</td></tr><tr><td><strong>Less than 15 days</strong></td><td>No refund</td></tr></table><div class=""alert alert-warning""><strong>Important Notes:</strong><ul><li>Deposit amounts may be non-refundable regardless of timing</li><li>Travel insurance strongly recommended to cover cancellation costs</li><li>Force majeure (natural disasters, pandemics) may have different terms</li><li>Name changes/transfers may be permitted (fees apply)</li></ul></div><p><em>Always check your specific booking's terms - policies may vary by fare type or promotion.</em></p>"
AROYA Cruises,"What payment methods are accepted?","<p>AROYA accepts multiple payment methods for your convenience:</p><ul><li><strong>💳 Credit/Debit Cards:</strong> Visa, Mastercard, American Express</li><li><strong>🏦 Bank Transfer:</strong> Direct bank payment (for full payments)</li><li><strong>💰 Installment Plans:</strong> Available for select bookings (check promotions)</li></ul><p><strong>For Malaysian/Singaporean travellers:</strong></p><ul><li>Cards issued in Malaysia/Singapore are accepted (no foreign transaction fees from our end)</li><li>Currency will be charged in SAR (Saudi Riyal) or USD - check with your bank about conversion rates</li><li>Consider using cards with zero forex markup for better exchange rates</li></ul><p><strong>Deposit requirement:</strong> Typically 20-30% due at booking, balance 60-90 days before sailing.</p>"
AROYA Cruises,"Are children allowed? What about kids cruising free?","<p><strong>Families are very welcome on AROYA! 👨‍👩‍👧‍👦</strong></p><h4>Kids Pricing Policy:</h4><ul><li><strong>Infants (under 2 years):</strong> Often cruise free (pay only port taxes) - must share bed with parents</li><li><strong>Children (2-11 years):</strong> Discounted rates available (sometimes cruise free on promotions!)</li><li><strong>Teens (12-17 years):</strong> May qualify for reduced rates or adult pricing depending on promotion</li><li><strong>Adults (18+ years):</strong> Standard fare applies</li></ul><h4>Kids Facilities Onboard:</h4><ul><li><strong>🎨 Kids Club</strong> with supervised activities and games</li><li><strong>🏊 Children's pool area</strong> (shallower, safer)</li><li><strong>🍕 Kids menu</strong> at restaurants (child-friendly portions and options)</li><li><strong>🛏️ Crib/rollaway beds</strong> available (request when booking)</li></ul><p><em>Tip: Book connecting cabins or suites for families needing extra space!</em></p>"
AROYA Cruises,"What should I pack for my cruise?","<p><strong>Essential Packing List for AROYA Cruise:</strong></p><h4>📋 Documents & Essentials:</h4><ul><li>Passport (valid 6+ months beyond travel dates)</li><li>Visas (if required - check port countries)</li><li>Cruise boarding documents (printed or digital)</li><li>Travel insurance documents</li><li>Credit/debit cards and cash (local currency for ports)</li></ul><h4>👔 Clothing (Casual Resort Wear):</h4><ul><li>Light, breathable fabrics (cotton, linen)</li><li>Swimwear (multiple sets)</li><li>Cover-ups for pool areas</li><li>Comfortable walking shoes</li><li>1-2 ""smart casual"" outfits for dinner</li><li>Hijab/modest swimwear (for Muslim ladies - many passengers wear these)</li><li>Light jacket (air-con can be cold indoors)</li></ul><h4>🧴 Toiletries & Health:</h4><ul><li>Toiletries (ship provides basics, bring your preferred brands)</li><li>Sunscreen (high SPF - Middle East sun is strong!)</li><li>Medications + prescriptions</li><li>Motion sickness tablets (if prone to seasickness - though Red Sea is usually calm)</li></ul><h4>📱 Electronics:</h4><ul><li>Phone + charger</li><li>Power bank</li><li>Camera (for those stunning ocean views!)</li></ul><p><em>For Muslim travellers: Prayer mat, prayer clothing, small Quran/app if desired.</em></p>"
AROYA Cruises,"Is WiFi available onboard? How much does it cost?","<p><strong>Yes, internet connectivity is available on AROYA ships:</strong></p><h4>WiFi Options:</h4><table class=""table""><tr><th>Package</th><th>Speed/Usage</th><th>Price (Estimated)</th></tr><tr><td><strong>Basic Social</strong></td><td>Text messaging, basic social media</td><td>$10-15/day</td></tr><tr><td><strong>Premium</strong></td><td>Streaming, video calls, browsing</td><td>$20-30/day</td></tr><tr><td><strong>Voyage Package</strong></td><td>Unlimited for entire cruise</td><td>$100-150 (varies by length)</td></tr></table><p><strong>Important Notes:</strong></p><ul><li>📶 Satellite-based internet (speeds slower than land broadband)</li><li>📍 Best connectivity near ports/coastal areas; slower in open sea</li><li>📱 Free WiFi may be available in limited public areas (lobby, etc.)</li><li>💡 <strong>Money-saving tip:</strong> Most ports have good cellular coverage - wait until docked to upload photos, check emails, etc.</li></ul><p><em>For MY/SG travellers: Consider getting a roaming data plan or local SIM at ports instead of buying expensive ship WiFi.</em></p>"
AROYA Cruises,"What currency is used onboard? Can I use RM/SGD?","<p><strong>Onboard Currency:</strong></p><ul><li><strong>Primary:</strong> Saudi Riyal (SAR) or US Dollar (USD) - depending on ship's registry</li><li><strong>Credit cards accepted:</strong> Visa, Mastercard, Amex (no extra fee)</li></ul><p><strong>Using Malaysian Ringgit (RM) / Singapore Dollar (SGD):</strong></p><ul><li>❌ Cash in RM/SGD generally <strong>NOT accepted</strong> onboard</li><li>✅ Your credit card will handle currency conversion automatically</li><li>💱 Currency exchange available onboard (rates less favorable than banks)</li></ul><p><strong>Recommendations for MY/SG Travellers:</strong></p><ol><li><strong>Use credit card</strong> for onboard purchases (let your bank convert at competitive rates)</li><li><strong>Bring small USD cash</strong> for tips, small purchases at ports</li><li><strong>Exchange currency at airports/banks</strong> before boarding (better rates than ship)</li><li><strong>Use ATMs at ports</strong> for local currency during shore excursions</li></ol><p><em>Pro tip: Notify your bank of overseas travel dates to avoid card blocks!</em></p>"
AROYA Cruises,"What about tipping/gratuities on the cruise?","<p><strong>Gratuities (Tips) Overview:</strong></p><h4>Auto-Gratuity System:</h4><p>Most cruise lines including AROYA add <strong>daily automatic gratuities</strong> to your onboard account:</p><ul><li><strong>Standard rate:</strong> Approximately $15-20 USD per person, per day</li><li>Covers: Room steward, dining room staff, kitchen crew</li><li><strong>Can be pre-paid</strong> at time of booking (recommended!)</li><li>Can be adjusted at guest services (if service was exceptional or poor)</li></ul><h4>Additional Tipping:</h4><ul><li><strong>Spa/salon services:</strong> 15-20%</li><li><strong>Bar beverages:</strong> 15% auto-added (sometimes)</li><li><strong>Shore excursion guides:</strong> Optional, at your discretion</li><li><strong>Concierge/butler (suites):</strong> Customary to tip for special requests</li></ul><h4>For Budget-Conscious Travellers:</h4><ul><li>Pre-pay gratuities to spread the cost</li><li>Some fare types include prepaid gratuities - look for these deals!</li></ul><p><em>Cultural note: While tipping isn't customary in Malaysia/Singapore, it's expected on international cruises as crew rely on tips as significant income.</em></p>"
AROYA Cruises,"Do I need a visa for an AROYA cruise?","<p><strong>Visa requirements depend on your nationality and the cruise itinerary:</strong></p><h4>For Malaysian Passport Holders 🇲🇾:</h4><ul><li><strong>Saudi Arabia:</strong> Visa required (e-visa or visa-on-arrival for Umrah/Hajj pilgrims)</li><li><strong>UAE (Dubai/Abu Dhabi):</strong> Visa-free for 90 days ✅</li><li><strong>Qatar:</strong> Visa-free for 30 days ✅</li><li><strong>Bahrain:</strong> Visa may be required - check latest regulations</li><li><strong>Oman:</strong> Visa may be required - check latest regulations</li><li><strong>Egypt (if Red Sea cruise stops there):</strong> Visa required (obtainable on arrival at certain ports)</li></ul><h4>For Singaporean Passport Holders 🇸🇬:</h4><ul><li>Generally similar to Malaysians, but always verify current requirements</li><li>Many GCC countries now offer e-visas or visa-on-arrival for SG citizens</li></ul><p><strong>Important:</strong></p><ul><li>✅ AROYA can provide <strong>visa support letters</strong> for booked passengers</li><li>📋 <strong>Passport validity:</strong> Minimum 6 months beyond travel completion date</li><li>🔄 Regulations change frequently - <strong>always check latest requirements</strong> before booking</li><li>💡 For religious tourism (Umrah), special visa procedures apply</li></ul><p><em>Recommendation: Use a reliable visa agency or consult the embassy/consulate for your specific situation.</em></p>"
AROYA Cruises,"What medical facilities are available onboard?","<p><strong>Healthcare & Medical Services on AROYA:</strong></p><h4>Medical Center:</h4><ul><li><strong>👨‍⚕️ Qualified doctor and nurses</strong> onboard 24/7</li><li><strong>💊 Pharmacy</strong> stocked with common medications</li><li><strong>🩺 Basic diagnostic equipment</strong> (BP monitor, glucose testing, etc.)</li><li><strong>🚑 Emergency response capability</strong> for medical situations</li></ul><h4>Services Available:</h4><ul><li>Treatment for minor illnesses (cold, fever, stomach issues)</li><li>Injury care (cuts, sprains, burns)</li><li>Prescription medications (additional cost)</li><li>Injection/IV fluids (if needed)</li><li>Medical evacuation coordination (serious cases - to nearest port hospital)</li></ul><h4>Costs:</h4><ul><li><strong>Consultations and treatments are chargeable</strong> (not included in cruise fare)</li><li>Typical consultation: $50-150 USD</li><li>Medications: Varies (similar to private clinic prices)</li><li><strong>Travel insurance typically covers medical expenses</strong> - file a claim after cruise</li></ul><h4>Pre-Cruise Recommendations:</h4><ul><li>Bring sufficient supply of <strong>regular prescription medications</strong> (plus extras in case of delays)</li><li>Carry a <strong>doctor's letter</strong> for prescribed medications (especially controlled substances)</li><li>Pack a <small first-aid kit</strong> (band-aids, antiseptic, pain relievers, motion sickness meds)</li><li>Inform AROYA of any <strong>medical conditions or dietary restrictions</strong> when booking</li></ul><p><em>For MY/SG travellers: If you have chronic conditions, consider a pre-cruise health check-up and carry a summary letter from your doctor in English.</em></p>"
AROYA Cruises,"What if I have dietary restrictions or food allergies?","<p><strong>AROYA accommodates various dietary needs:</strong></p><h4>Special Diets We Can Accommodate:</h4><ul><li><strong>🥬 Halal</strong> (standard across all restaurants - certified)</li><li><strong>🌱 Vegetarian / Vegan</strong></li><li><strong>🌾 Gluten-free</strong></li><li><strong>🥛 Lactose-free / Dairy-free</strong></li><li><strong>🚫 Nut allergies</strong></li><li><strong>🦐 Shellfish/seafood allergies</strong></li><li><strong>🍬 Diabetic (low-sugar options)</strong></li><li><strong>🌶️ Low-spice or spice-free</strong> (suitable for those who prefer mild food)</li></ul><h4>How to Request Special Meals:</h4><ol><li><strong>Inform us at time of booking</strong> (best option)</li><li><strong>Re-confirm 30 days before sailing</strong> via guest portal or call center</li><li><strong>Speak to restaurant manager</strong> upon embarkation for introduction to chef/dietitian</li><li><strong>Remind server</strong> at each meal about your restrictions</li></ol><p><strong>For Muslim Travellers (Additional Assurance):</strong></p><ul><li>All meat is sourced from <strong>certified halal suppliers</strong></li><li>Kitchen has <strong>separate preparation areas</strong> for halal food</li><li>No pork/lard/alcohol used in any kitchen (family-friendly environment)</li><li>Staff trained on <strong>cross-contamination prevention</strong></li></ul><p><em>For severe allergies: We recommend carrying an epinephrine auto-injector (EpiPen) and medic alert bracelet. Inform our medical team upon boarding.</em></p>"
AROYA Cruises,"Is the cruise accessible for guests with disabilities?","<p><strong>AROYA strives to accommodate guests with accessibility needs:</strong></p><h4>Accessible Features:</h4><ul><li><strong>🚪 Accessible cabins:</strong> Wider doors, grab bars, roll-in showers, lower switches</li><li><strong>🛗 Elevators</strong> connecting all passenger decks</li><li><strong>♿ Ramps</strong> where feasible (some areas may have steps)</li><li><strong>🚻 Accessible public restrooms</strong> throughout the ship</li><li><strong>🍽️ Accessible seating</strong> in restaurants and theaters</li></ul><h4>Limitations to Be Aware Of:</h4><ul><li>❌ Not all shore excursions are wheelchair-accessible</li><li>❌ Some upper decks or outdoor areas may have limited access</li><li>❌ Lifeboat boarding procedures may require assistance</li><li>❌ Pool lifts may not be available in all pools</li></ul><h4>Booking Accessible Travel:</h4><ol><li><strong>Contact AROYA directly</strong> (not third-party agents) to discuss your specific needs</li><li><strong>Specify requirements</strong> when booking (wheelchair size, oxygen needs, service animal, etc.)</li><li><strong>Book early</strong> - accessible cabins are limited and sell out quickly</li><li><strong>Complete form</strong> detailing assistance needed during embarkation</li><li><strong>Arrange airport/hotel transfers</strong> with accessibility in mind</li></ol><p><em>Recommendation: Speak to our Accessibility Desk before booking to ensure we can adequately meet your needs. Every guest deserves a comfortable cruise experience!</em></p>"
AROYA Cruises,"What happens in case of bad weather or rough seas?","<p><strong>Safety is AROYA's top priority ⚓</strong></p><h4>Weather Contingency Protocols:</h4><p><strong>Before Departure:</strong></p><ul><li>Constant monitoring of weather systems</li><li>Itinerary adjustments made if severe weather predicted</li><li>Guest notification of any changes via app/email</li></ul><p><strong>During Cruise:</strong></p><ul><li><strong>Captain may alter route/timing</strong> to avoid storms</li><li><strong>Port skips or substitutions</strong> possible (safety over schedule)</li><li><strong>Outdoor activities cancelled/postponed</strong> (shows move indoors)</li><li><strong>Stabilizers activated</strong> to reduce rocking motion</li></ul><h4>If Your Port Call Is Cancelled:</h4><ul><li>❌ Generally <strong>no compensation or refund</strong> for missed ports (weather is force majeure)</li><li>✅ Alternative onboard activities arranged</li><li>✅ Captain keeps guests informed via PA announcements</li></ul><h4>Motion Sickness Prevention:</h4><ul><li>Choose <strong>mid-ship, lower deck cabins</strong> (less movement)</li><li>Pack <strong>motion sickness medication</strong> (take before symptoms start)</li><li>Eat <strong>light, bland meals</strong> (avoid heavy/spicy foods)</li><li>Stay <strong>hydrated</strong> but avoid excessive liquids</li><li>Fix eyes on <strong>horizon</strong> if feeling queasy</li><li>Visit <strong>medical center</strong> if medication doesn't help (injections available)</li></ul><p><em>Good news: The Red Sea and Arabian Gulf are generally calm waters! Rough seas are uncommon except during specific seasons. Your comfort is important to us.</em></p>"
